{"cameraMode":{"drawMode":0,"name":"Shaded","section":"Shading Mode"},"sceneLighting":true,"audioPlay":false,"sceneViewState":{"showFog":true,"showMaterialUpdate":false,"showSkybox":true,"showFlares":true,"showImageEffects":true,"showParticleSystems":true},"in2DMode":false,"pivot":{"x":0.00840449333190918,"y":0.8898447155952454,"z":-0.00559234619140625},"rotation":{"x":-0.35553890466690066,"y":0.5584086179733276,"z":-0.2866867482662201,"w":-0.6925190091133118},"size":27.57283592224121,"orthographic":false}